TicketID,PassengerName,SeatNo,Price,Status,CheckedBaggage,CabinBaggage,GateTerminal
T001,Passenger1,33A,1908.66,Cancelled,22,6,Gate 5
T002,Passenger2,60A,4919.23,Cancelled,4,2,Gate 1
T003,Passenger3,38A,3497.83,Pending,27,6,Gate 1
T004,Passenger4,58A,4245.63,Pending,30,3,Gate 4
T005,Passenger5,48A,3917.02,Pending,28,8,Gate 2
T006,Passenger6,33A,1276.08,Cancelled,15,3,Gate 1
T007,Passenger7,53A,2695.67,Cancelled,29,12,Gate 1
T008,Passenger8,1A,2975.14,Pending,28,8,Gate 1
T009,Passenger9,10A,4591.84,Pending,19,10,Gate 3
T010,Passenger10,57A,4452.19,Confirmed,17,1,Gate 1
